row,col,cars
0,0,11
0,1,17
0,2,21
0,3,21
0,4,14
0,5,8
0,6,9
0,7,19
0,8,22
0,9,15
1,0,18
1,1,41
1,2,53
1,3,40
1,4,20
1,5,9
1,6,19
1,7,30
1,8,43
1,9,33
2,0,24
2,1,51
2,2,66
2,3,48
2,4,21
2,5,13
2,6,20
2,7,38
2,8,52
2,9,39
3,0,18
3,1,39
3,2,53
3,3,37
3,4,21
3,5,11
3,6,15
3,7,33
3,8,43
3,9,34
4,0,9
4,1,21
4,2,23
4,3,21
4,4,12
4,5,10
4,6,14
4,7,16
4,8,18
4,9,16
5,0,8
5,1,10
5,2,9
5,3,9
5,4,15
5,5,23
5,6,28
5,7,25
5,8,17
5,9,11
6,0,7
6,1,8
6,2,7
6,3,11
6,4,20
6,5,47
6,6,64
6,7,47
6,8,26
6,9,10
7,0,10
7,1,9
7,2,8
7,3,14
7,4,31
7,5,66
7,6,90
7,7,65
7,8,30
7,9,15
8,0,11
8,1,11
8,2,9
8,3,9
8,4,26
8,5,47
8,6,66
8,7,52
8,8,21
8,9,8
9,0,10
9,1,10
9,2,10
9,3,7
9,4,15
9,5,25
9,6,29
9,7,20
9,8,14
9,9,10
